Microsoft Visit,2019,3,26,15,00,2,5
Birthday,2019,3,13,02,22,3,3
There work,2019,3,8,02,25,5,2
Too bugs to fix,2019,3,4,19,45,1,2
V-DAY DINNER,2019,2,14,18,00,4,3
LAST DAY OF CLASS,2019,4,26,12,59,5,4
Dinner before BDAY,2022,12,11,16,01,0,3
CRYING,2022,12,12,16,01,1,3
CRYING,2022,12,13,16,01,2,3
CRYING,2022,12,14,16,01,3,3
CRYING,2022,12,15,16,01,4,3
CRYING,2022,12,16,16,01,5,3
CRYING,2022,12,17,16,01,6,3
CRYING,2022,12,18,16,01,0,4
bubulb,2019,3,19,19,28,1,4
UTvywbfriu ,2019,3,1,19,52,5,1
cmr io,2019,3,6,20,7,3,2
